,video_id,video_timestamp,video_duration,video_locationcreated,suggested_words,video_diggcount,video_sharecount,video_commentcount,video_playcount,video_description,video_is_ad,video_stickers,author_username,author_name,author_followercount,author_followingcount,author_heartcount,author_videocount,author_diggcount,author_verified,hashtags,Seperated_Hashtags,format_date,result,max_similarity,NYT_headline
4,7.31e+18,2023-12-11T20:17:46,62.0,US,,88700.0,295.0,40.0,973800.0,Still unsure what to name this series lol #nycrestaurants #nycreservations #nycfood ,False,,kaitlyneats,Kaitlyn Lavery,,,,,,False,"nycrestaurants, nycreservations, nycfood","['nyc restaurants', 'nyc reservations', 'nyc food']",2023-12-11,"(array([0.31994507], dtype=float32), 'In Brooklyn, Brownstone Dreams Start With One-Bedroom Rentals')",0.3199450671672821,"In Brooklyn, Brownstone Dreams Start With One-Bedroom Rentals"
5,7.31e+18,2023-11-27T16:12:30,6.0,US,"gail lewis walmart, guy slipping in ice for 15 seconds, people falling on ice funny, espn, black ice, slip on ice, running on ice, Ice Skating, people falling in ice, Snow Tiktoks",2000000.0,108700.0,19800.0,28900000.0,He kept going üòÇ (via @Wendy Woods üíï) #snow #cold ,False,,espn,ESPN,,,,,,True,"snow, cold","['snow', 'cold']",2023-11-27,"(array([0.45114407], dtype=float32), 'Heavy Snow Blankets Western and Northern New York')",0.4511440694332123,Heavy Snow Blankets Western and Northern New York
7,7.34e+18,2024-03-02T16:41:16,0.0,FR,"Jude Duarte, The Cruel Prince, The Cruel Prince Book, Jude - The Cruel Prince, The Cruel Prince Book By Holly Black, Book TikTok, booktok, Books Of TikTok, booktok romance, Jude Duarte Edits",2613.0,9.0,11.0,27200.0,help she literally played kiss mary kill with them #judeduarte #thecruelprince #folkoftheair #hollyblack #booktok #books #foryoupage #foryou #fyp #fyp„Ç∑ #foryoupageofficiall #viral #viralvideo #trend #trending #official #makemefamous ,False,,booksaddict26,amy,,,,,,False,"judeduarte, thecruelprince, folkoftheair, hollyblack, booktok, books, foryoupage, foryou, fyp, fyp„Ç∑, foryoupageofficiall, viral, viralvideo, trend, trending, official, makemefamous","['the cruel prince', 'folk of the air', 'holly black', 'booktok', 'books', 'for you page', 'for you', 'fyp', 'fyp „Ç∑', 'for you page officiall', 'viral', 'viral video', 'trend', 'trending', 'official']",2024-03-02,"(array([0.3330126], dtype=float32), 'Disgraced but Embraced: Pop Culture Pariahs Are Making Big Comebacks')",0.3330126106739044,Disgraced but Embraced: Pop Culture Pariahs Are Making Big Comebacks
9,7.34e+18,2024-03-02T15:15:34,0.0,ZA,"wabisabi, poetry, Poetry TikTok, Poetry Writing, Spoken Poetry, Words Pronunciation, Wabi Sabi Interior, poetry book, language learning, Words With Deep Meanings",11200.0,20.0,19.0,89200.0,‚Ä¢ Wabi Sabi üñ§ - comment your home language down below!  #poetryandwords #foryou #wordlovers #meantforyou #words #feelings #wordsandpoetry #viral #foryoupage #wordwordswords #fyp #wordtok #wordoftheday #words_bybee ,False,,words_bybee,Words_byBee,,,,,,False,"poetryandwords, foryou, wordlovers, meantforyou, words, feelings, wordsandpoetry, viral, foryoupage, wordwordswords, fyp, wordtok, wordoftheday, words_bybee","['poetry and words', 'for you', 'word lovers', 'meant for you', 'words', 'feelings', 'words and poetry', 'viral', 'for you page', 'word words words', 'fyp', 'word tok', 'word of the day', 'words by bee']",2024-03-02,"(array([0.43437538], dtype=float32), 'Spelling Bee Forum')",0.4343753755092621,Spelling Bee Forum
12,7.34e+18,2024-03-02T14:01:59,14.0,US,"Emiliekiser, Emilie, couple, ootd, Couple Outfit, outfit, Couple Wear Outfits, ootd outfits ideas, OOTD Ideas, Getting Married",269500.0,251.0,579.0,1900000.0,PARADISEüå¥‚ú®üíóü´∂üèª @Brady #couplesootd #outfitideas #ootd #viral #trending #momsoftiktok #youngmom #fyp #nightinmylife #vacation #gifted #husbandandwife #marriage ,False,,emiliekiser,Emilie,,,,,,False,"couplesootd, outfitideas, ootd, viral, trending, momsoftiktok, youngmom, fyp, nightinmylife, vacation, gifted, husbandandwife, marriage","['couple sootd', 'outfit ideas', 'ootd', 'viral', 'trending', 'moms of tiktok', 'young mom', 'fyp', 'night in my life', 'vacation', 'gifted', 'husband and wife', 'marriage']",2024-03-02,"(array([0.33682996], dtype=float32), 'Iris Apfel, Eye-Catcher With a Kaleidoscopic Wardrobe, Dies at 102')",0.3368299603462219,"Iris Apfel, Eye-Catcher With a Kaleidoscopic Wardrobe, Dies at 102"
15,7.34e+18,2024-03-02T08:36:00,0.0,US,"Zodiac Signs, astrology, taurus, Sagittarius, virgo, Capricorn, Geminis, scorpio, Taurus Zodiac Sign, Cancer Zodiac Sign",52800.0,764.0,225.0,534700.0,#zodiac #aries #taurus #gemini #cancer #leo #virgo #libra #scorpio #sagittarius #capricorn #aquarius #pisces #astrology #relationships #firesigns #earthsigns #airsigns #watersigns ,False,,collectiveworld.tc,Collective World,,,,,,False,"zodiac, aries, taurus, gemini, cancer, leo, virgo, libra, scorpio, sagittarius, capricorn, aquarius, pisces, astrology, relationships, firesigns, earthsigns, airsigns, watersigns","['zodiac', 'aries', 'taurus', 'gemini', 'cancer', 'leo', 'virgo', 'libra', 'scorpio', 'sagittarius', 'capricorn', 'aquarius', 'pisces', 'astrology', 'relationships', 'fire signs', 'earth signs', 'air signs', 'water signs']",2024-03-02,"(array([0.18603392], dtype=float32), 'Trump‚Äôs Support Among Latinos Grows, New Poll Shows')",0.1860339194536209,"Trump‚Äôs Support Among Latinos Grows, New Poll Shows"
16,7.34e+18,2024-03-02T17:24:38,62.0,US,"stardust diner, snow angel, snow angel cover, renee rapp snl, Renee Rapp, snow angel renee rapp, renee, Renee Rapp Singing, renee rapp snow angel cover, ellens stardust diner",113300.0,723.0,886.0,679000.0,Get yourself some coworkers like the 3 goons on the right üòÇüíï @rene√© we spreading your music to the tourists as we should #ellensstardustdiner #reneerapp #snowangel #snowangelreneerapp #fyp ,False,,megdwinell,Megan Dwinell,,,,,,False,"ellensstardustdiner, reneerapp, snowangel, snowangelreneerapp, fyp","['\t\t""ellens stardust diner', '\t\t""renee rapp', '\t\t""snow angel', '\t\t""snow angel renee rapp', '\t\t""fyp']",2024-03-02,"(array([0.3163003], dtype=float32), 'Tana French‚Äôs Moody, Mesmerizing New Thriller')",0.31630030274391174,"Tana French‚Äôs Moody, Mesmerizing New Thriller"
25,7.34e+18,2024-03-02T13:37:49,10.0,US,"millieinthecity_, Millie, golden retriever puppy, newyork, The West Village New York, Fluffy Dog, Puppy Dog, man dog, city, new york city",1300000.0,19100.0,2596.0,7000000.0,to the boy walking in the west village Im free monday if you are #nyc #newyork #city #wv ,False,,daniellehendrickss,danielle hendricks,,,,,,False,"nyc, newyork, city, wv","['nyc', 'new york city', 'wv']",2024-03-02,"(array([0.41829067], dtype=float32), 'The Absurd Problem of New York City Trash')",0.4182906746864319,The Absurd Problem of New York City Trash
31,7.34e+18,2024-03-02T09:01:24,17.0,US,"Taylor Swift, taylor swift live instagram, Dress Taylor Swift, taylor swift singapore, Dress Song by Taylor Swift, Taylor Swift Karlie Kloss, Taylor, Taylor Swift And Karlie Kloss, taylor swift yellow dress, taylor swift costume",1004.0,36.0,33.0,116600.0,When you love you love you love. @Taylor Swift #taylorswift,False,,laperrin10,Lindsayüè≥Ô∏è‚Äçüåà,,,,,,False,taylorswift,[],2024-03-02,"(array([0.27355874], dtype=float32), 'Yousef')",0.27355873584747314,Yousef
33,7.34e+18,2024-03-02T09:47:15,0.0,US,"travis kelce, Taylor Swift, taylor swift singapore, eras tour singapore, travis kelce taylor swift, Taylor Nation, Taylor Swift Surprise Songs, Taylor Swift Dress Surprise Song, Taylor And Travis Kelce, travis and taylor",46800.0,712.0,252.0,766000.0,I AM LOSING IT OVER THIS TWEET HAHAHAHAHAHHAA  #taylorswift #swifttok #taylorsversion #taylornation #swiftie #swifties #traviskelce #chiefs #taylorswifttraviskelce #traviskelcetaylorswift #reputationtaylorsversion #tstheerastour #tstheerastourfilm #erastourtaylorswift #erastour #jasonkelce #kyliekelce #newheightspodcast #newheights #reputationtaylorsversion #thetorturedpoetsdepartment #thebolter #singaporetstheerastour ,False,,bethany_pendleton13,Bethany,,,,,,False,"taylorswift, swifttok, taylorsversion, taylornation, swiftie, swifties, traviskelce, chiefs, taylorswifttraviskelce, traviskelcetaylorswift, reputationtaylorsversion, tstheerastour, tstheerastourfilm, erastourtaylorswift, erastour, jasonkelce, kyliekelce, newheightspodcast, newheights, reputationtaylorsversion, thetorturedpoetsdepartment, thebolter, singaporetstheerastour","['swift tok', ""taylor's version"", 'taylor nation', 'swiftie', 'swifties', 'travis kelce', 'chiefs', 'taylor swift travis kelce', 'travis kelce taylor swift', ""reputation taylor's version"", ""ts the era's tour"", ""ts the era's tour film"", 'era tour taylor swift', 'era tour', 'jason kelce', 'kylie kelce', 'new heights podcast', 'new heights', ""reputation taylor's version"", 'the tortured poets department', 'the bolter']",2024-03-02,"(array([0.2573289], dtype=float32), 'A Fresh Look at a Sensational 1843 Murder Case and Its Fallout')",0.25732889771461487,A Fresh Look at a Sensational 1843 Murder Case and Its Fallout
34,7.34e+18,2024-03-02T17:21:28,48.0,US,"dua lipa brits awards 2024, brits awards 2024, dua lipa, raye brits award, dua lipa brits 2024, dua lipa grammys 2024, dua lipa callum turner, training season dua lipa, tate mcrae brits, dua lipa houdini",420500.0,2917.0,1388.0,2300000.0,GIVING EVERYTHINGGG @Dua Lipa @charmladonna #dualipa #brits #britawards2024 ,False,,chris,Chris Olsen,,,,,,True,"dualipa, brits, britawards2024","['dua lipa', 'brits', 'brit awards 2024']",2024-03-02,"(array([0.2344681], dtype=float32), 'What You Need to Know for the 2024 Tax Season')",0.23446810245513916,What You Need to Know for the 2024 Tax Season
35,7.34e+18,2024-03-02T13:58:24,0.0,US,"barry keoghan eras tour, barry keoghan, taylor swift singapore, the eras tour, travis kelce, eras tour, The Eras Tour Taylor Swift, taylorswiftandtraviskelce, Taylor And Travis Kelce, travis kelce singing taylor swift",36500.0,364.0,216.0,442000.0,hide your drains !!!! üõÅü§£ü§£ü§£ #taylorswift #swifttok #taylorsversion #taylornation #swiftie #swifties #traviskelce #chiefs #taylorswifttraviskelce #traviskelcetaylorswift #reputationtaylorsversion #tstheerastour #tstheerastourfilm #erastourtaylorswift #erastour #jasonkelce #kyliekelce #newheightspodcast #newheights #reputationtaylorsversion #thetorturedpoetsdepartment #thebolter #barrykeoghan ,False,,bethany_pendleton13,Bethany,,,,,,False,"taylorswift, swifttok, taylorsversion, taylornation, swiftie, swifties, traviskelce, chiefs, taylorswifttraviskelce, traviskelcetaylorswift, reputationtaylorsversion, tstheerastour, tstheerastourfilm, erastourtaylorswift, erastour, jasonkelce, kyliekelce, newheightspodcast, newheights, reputationtaylorsversion, thetorturedpoetsdepartment, thebolter, barrykeoghan","['swift tok', ""taylor's version"", 'taylor nation', 'swiftie', 'swifties', 'travis kelce', 'chiefs', 'taylor swift travis kelce', 'travis kelce taylor swift', ""reputation taylor's version"", ""ts the era's tour"", ""ts the era's tour film"", ""era's tour taylor swift"", 'era tour', 'jason kelce', 'kylie kelce', 'new heights podcast', 'new heights', ""reputation taylor's version"", 'the tortured poets department', 'the bolter']",2024-03-02,"(array([0.2554338], dtype=float32), 'A Fresh Look at a Sensational 1843 Murder Case and Its Fallout')",0.2554337978363037,A Fresh Look at a Sensational 1843 Murder Case and Its Fallout
39,7.34e+18,2024-03-02T13:38:44,81.0,US,"miss peaches', dave portnoy, miss peach dave portnoy, Dave Portnoy Pizza, miss peaches' parody, miss peaches' meme, Stroller, Dog Stroller, famousmisspeaches, jogging stroller",316000.0,9901.0,2635.0,2600000.0,Dont try to shame @Miss Peaches and I for our stroller walks #misspeaches ,False,,stoolpresidente,Dave Portnoy,,,,,,True,misspeaches,['miss peaches'],2024-03-02,"(array([0.21974851], dtype=float32), 'Barbie and Bella: Two Different Shades of Female Liberation')",0.21974851191043854,Barbie and Bella: Two Different Shades of Female Liberation
49,7.34e+18,2024-03-02T13:57:35,132.0,US,"eli and gio, carrie bradshaw, Eli Rallo And Boyfriend, peyton and eli monday night, carrie bradshaw costume, carrie bradshaw head mannerisms, Carrie Bradshaw Saari, eli rallo book, i didn't know i needed this book",25000.0,316.0,197.0,276000.0,#DAEFTW ü©∑üôèüò≠üîú,False,,elirallo,Eli Rallo,,,,,,True,DAEFTW,['daft w'],2024-03-02,"(array([0.27455616], dtype=float32), 'Countdown')",0.27455615997314453,Countdown
50,7.34e+18,2024-03-02T11:03:03,0.0,RO,"Taylor Swift, idwlf x dress, taylor swift singapore, eras tour singapore, singapore surprise song, i dont wanna live forever x dress, taylor nation, Taylor, reputation taylor's version, eras tour",44700.0,1407.0,581.0,504800.0,Gosh... #fyp #taylorswift #viral #swifttok #easteregg #ts11 #thetorturedpoetsdepartament #ttpd #swiftie #foryou #erastour #reptv #reputation #reputationtaylorsversion ,False,,tsnwes,tsnwes ‡æÄ‡Ω≤‡æÄ‡Ω≤,,,,,,False,"fyp, taylorswift, viral, swifttok, easteregg, ts11, thetorturedpoetsdepartament, ttpd, swiftie, foryou, erastour, reptv, reputation, reputationtaylorsversion","['fyp', 'taylor swift', 'viral', 'swift tok', 'easter egg', 'ts 11', 'the tortured poets department', 'ttpd', 'swiftie', 'for you', 'eras tour', 'rep tv', 'reputation', ""reputation taylor's version""]",2024-03-02,"(array([0.26873893], dtype=float32), 'Disgraced but Embraced: Pop Culture Pariahs Are Making Big Comebacks')",0.26873892545700073,Disgraced but Embraced: Pop Culture Pariahs Are Making Big Comebacks
52,7.34e+18,2024-03-02T13:52:54,21.0,US,"Pitbull, Dogs Of TikTok, Puppy Dog, pitbull dog, Dog Videos, Pitbulls Of TikTok, Funny Dogs, Funny Dog Clips, Funny Dog Videos, Funny Dog Videos On TikTok",80.0,0.0,2.0,1842.0,Shes a tornado üå™Ô∏èüíû  | #dogs #dog #doggie #dogsoftiktok #dogsofcolorado #dogsofco #dogsofusa #puppy #puppies #pitbull #pitbullsoftiktok #pitbullmix #pitbullpuppy #chow #chowmix #mutt #mixeddog #foryou #foryoupage #fyp #blowthisup #getthisviral #puppyhumor #funnydogs #funnydogsoftiktok #doghumor #doglovers #reachtherightaudience #doggosdoingthings #doggos #puppylife #puppylove #animallovers #animalpeople #doglovercommunity #dogpeople #dogpeopleoftiktok #princessandthefrog #weirddogs #sillypuppies #puppydog #pitty #pets #funnydogvideos ,False,,princesslottieco,‚ôõLottie‚ôõ,,,,,,False,"dogs, dog, doggie, dogsoftiktok, dogsofcolorado, dogsofco, dogsofusa, puppy, puppies, pitbull, pitbullsoftiktok, pitbullmix, pitbullpuppy, chow, chowmix, mutt, mixeddog, foryou, foryoupage, fyp, blowthisup, getthisviral, puppyhumor, funnydogs, funnydogsoftiktok, doghumor, doglovers, reachtherightaudience, doggosdoingthings, doggos, puppylife, puppylove, animallovers, animalpeople, doglovercommunity, dogpeople, dogpeopleoftiktok, princessandthefrog, weirddogs, sillypuppies, puppydog, pitty, pets, funnydogvideos","['dog', 'doggie', 'dogs of tiktok', 'dogs of colorado', 'dogs of co', 'dogs of usa', 'puppy', 'puppies', 'pitbull', 'pitbulls of tiktok', 'pitbull mix', 'pitbull puppy', 'chow', 'chow mix', 'mutt', 'mixed dog', 'for you', 'for you page', 'fyp', 'blow this up', 'get this viral', 'puppy humor', 'funny dogs', 'funny dogs of tiktok', 'dog humor', 'dog lovers', 'reach the right audience', 'doggos doing things', 'doggos', 'puppy life', 'puppy love', 'animal lovers', 'animal people', 'dog lover community', 'dog people', 'dog people of tiktok', 'princess and the frog', 'weird dogs', 'silly puppies', 'puppy dog', 'pitty', 'pets']",2024-03-02,"(array([0.18807994], dtype=float32), 'A.I. Is Making the Sexual Exploitation of Girls Even Worse')",0.18807993829250336,A.I. Is Making the Sexual Exploitation of Girls Even Worse
73,7.34e+18,2024-03-02T09:45:11,13.0,GB,"look what you made me do piano, look what you made me do, look what made me do, taylor swift instagram live, taylor swift singapore, singapore night 1, singapore surprise song, Taylor Swift, taylor swift's eras tour, The Eras Tour Taylor Swift",81100.0,2860.0,926.0,911700.0,double album theory?? ‚Äúwrong note‚Äù bc she‚Äôs interrupting TTPD meetings with rep tv??? idk???? but it‚Äôs suspicious  bc going live for a ‚Äúttpd meeting‚Äù and inlt playing 2 rep era songs‚Ä¶..  #taylorswift #tstheerastour #erastoursingapore #theerastoursingapore #reptv #tsttpd ,False,,goldrushred,aaliyah (taylors version),,,,,,False,"taylorswift, tstheerastour, erastoursingapore, theerastoursingapore, reptv, tsttpd",[],2024-03-02,"(array([0.27355874], dtype=float32), 'Yousef')",0.27355873584747314,Yousef
76,7.34e+18,2024-03-02T08:56:41,228.0,IT,"i don't wanna live forever eras tour, Taylor Swift, i don't wanna live forever taylor swift, Dress Taylor Swift, i dont wanna live forever x dress, eras tour singapore, taylor swift singapore, taylor swift singapore night 1, eras tour singapore surprise songs, idwlf x dress",218600.0,4801.0,2154.0,758000.0,I don‚Äôt wanna live forever X dress.. IM SO DONE #taylorswift #erastour ,False,,taylorswiftlive1313,taylorswiftlive,,,,,,False,"taylorswift, erastour","['taylor swift', 'eras tour']",2024-03-02,"(array([0.2492127], dtype=float32), 'My Joe Biden Fantasy')",0.24921269714832306,My Joe Biden Fantasy
84,7.34e+18,2024-03-02T10:48:52,0.0,US,,83.0,0.0,0.0,612.0,#taylorswift #tayloristhemusicindustry #fyp #fyppppppppppppppppppppppp I didn‚Äôt do this first!!!! Idk their at tho im sorryyyyy,False,,xo.taylorsversion.xo,(Taylor‚Äôs version) ‚∏Ü‚∏â,,,,,,False,"taylorswift, tayloristhemusicindustry, fyp, fyppppppppppppppppppppppp","['taylor swift', 'taylor is the music industry', 'fyp', 'fyp ppppppppppppppppppppppp']",2024-03-02,"(array([0.24026309], dtype=float32), 'Disgraced but Embraced: Pop Culture Pariahs Are Making Big Comebacks')",0.24026308953762054,Disgraced but Embraced: Pop Culture Pariahs Are Making Big Comebacks
113,7.34e+18,2024-03-02T09:06:26,0.0,IT,"Taylor Swift, singapore night 1, singapore surprise song, taylor nation, taylor swift singapore, travis kelce taylor swift, eras tour singapore, eras tour singapore surprise songs, taylor swift's eras tour, Taylor",70900.0,2671.0,848.0,799100.0,THEY'RE PLAYING WITH US || #taylorswift #swifttok #swiftie #taylornation #erastour #thetorturedpoetsdepartment #ttpd #singapore ,False,,lxv.swift13,Navy (Taylor's Version) ‚ö¢,,,,,,False,"taylorswift, swifttok, swiftie, taylornation, erastour, thetorturedpoetsdepartment, ttpd, singapore","['taylor swift', 'swift tok', 'swiftie', 'taylor nation', 'eras tour', 'the tortured poets department', 'ttpd', 'singapore']",2024-03-02,"(array([0.2649145], dtype=float32), 'Tana French‚Äôs Moody, Mesmerizing New Thriller')",0.26491451263427734,"Tana French‚Äôs Moody, Mesmerizing New Thriller"
8,7.34e+18,2024-02-15T18:26:50,167.0,US,"Emiliekiser, Emilie, avery and emilie tea, Nail Inspo, emilie kiser and avery woods, nail day, Nail Day Vlog, nail, Doing My Nails, Nail Vlog: Getting My Nails Done",213700.0,121.0,520.0,1400000.0,I love being delusionalü§™ü´∂üèªü§¶üèº‚Äç‚ôÄÔ∏èü§î SEE YOU GUYS TM FOR ACTAUL NAIL DAY HAAHHAHA. #dayinmylife #minivlog #weekdayvlog #nailday #trending #viral #momsoftiktok #youngmom #selfcare #fyp #relatable #delusional ,False,,emiliekiser,Emilie,,,,,,False,"dayinmylife, minivlog, weekdayvlog, nailday, trending, viral, momsoftiktok, youngmom, selfcare, fyp, relatable, delusional","['day in my life', 'mini vlog', 'weekday vlog', 'nail day', 'trending', 'viral', 'moms of tiktok', 'young mom', 'self care', 'fyp', 'relatable', 'delusional']",2024-02-15,"(array([0.3086112], dtype=float32), 'When Getting Dressed Is a Higher Calling')",0.3086112141609192,When Getting Dressed Is a Higher Calling
78,7.34e+18,2024-02-15T18:21:07,43.0,GB,"Laufey, Bewitched - Laufey, london, Laufey Songs, london nightlife, Laufey Bewitched Sheet Music, New Song Titled Bewitched By Laufey, Beautiful Places In London, Promise Song By Laufey, junia and laufey",18200.0,145.0,88.0,74800.0,the most beautiful evening of soul-touching music.. with a cheeky side of fencing(?) #laufey #london #fyp #bewitched ,False,,weiscanvas,weiscanvas,,,,,,False,"laufey, london, fyp, bewitched",[],2024-02-15,"(array([0.15572126], dtype=float32), 'Trump‚Äôs Takeover of the Republican Party')",0.1557212620973587,Trump‚Äôs Takeover of the Republican Party
17,7.33e+18,2024-01-19T17:39:47,129.0,US,"book repair, librarian, cover one machine, book repair asmr, fixing books, fixing library book, cover one, school librarian, Booktok, repairing books",299400.0,663.0,534.0,4200000.0,What ruined book? üëÄ#mediaspecialistsoftiktok #middleschoollibrary #mediaspecialist #schoollibrarianlife #schoollibrarian #coverone ,False,,meetmeinthemediacenter,Meet Me In The Media Center,,,,,,False,"mediaspecialistsoftiktok, middleschoollibrary, mediaspecialist, schoollibrarianlife, schoollibrarian, coverone","['media specialists of tiktok', 'middle school library', 'media specialist', 'school librarian life', 'school librarian', 'cover one']",2024-01-19,"(array([0.28454077], dtype=float32), 'A Reporter at The New York Times, a Child at Heart')",0.2845407724380493,"A Reporter at The New York Times, a Child at Heart"
24,7.33e+18,2024-01-26T23:34:27,33.0,MX,"timothee chalamet, timothee chalamet digital footprint, Lil Timmy Tim, rah rah like a dungeon dragon, statistics timothee, timothee digital footprint, like a dungeon dragon, timmy tim, Timothee Chalamet Rapping, timoth√©e chalamet rap",1300000.0,14400.0,7027.0,7300000.0,Replying to @klaire lil timmy tim #timoth√©e #timotheechalamet ,False,,timhalchal,K. (fan account) üíò,,,,,,False,"timoth√©e, timotheechalamet","['timoth√©e', '\t""timothee chalamet']",2024-01-26,"(array([0.28776118], dtype=float32), 'Word of the Day: atavistic')",0.2877611815929413,Word of the Day: atavistic
26,7.32e+18,2023-12-21T20:47:42,27.0,US,"christina stratton, christinastrat, Scrubs Dove, Dove Body Scrub, Sugar Scrub, dove body wash, Scrub Recommendation, Cosmetology Scrubs, brown sugar body oil, Body Scrubs Recommendations",1404.0,5.0,11.0,390700.0,¬†#DovePartner I wish u guys could smell these products through the screen!!! Add them to ur next target run and lmk your thoughts ü©∑ü©∑ü©∑ @dove #DoveLove,True,,christinastrat,christina stratton,,,,,,False,"DovePartner, DoveLove",[],2023-12-21,"(array([0.22135861], dtype=float32), 'A Shadow')",0.22135861217975616,A Shadow
71,7.32e+18,2023-12-21T20:47:42,27.0,US,"christina stratton, christinastrat, Scrubs Dove, Dove Body Scrub, Sugar Scrub, Dove Body Wash, Scrub Recommendation, Cosmetology Scrubs, brown sugar body oil, Body Scrubs Recommendations",1404.0,5.0,11.0,390800.0,¬†#DovePartner I wish u guys could smell these products through the screen!!! Add them to ur next target run and lmk your thoughts ü©∑ü©∑ü©∑ @dove #DoveLove,True,,christinastrat,christina stratton,,,,,,False,"DovePartner, DoveLove","['dove partner', 'dove love']",2023-12-21,"(array([0.18648684], dtype=float32), 'The Life Span of Loneliness')",0.1864868402481079,The Life Span of Loneliness
27,7.34e+18,2024-03-03T09:06:03,385.0,US,"clean x evermore, Taylor Swift's Eras Tour Surprise Songs, Surprise Song Taylor Swift, Surprise Songs, eras tour singapore surprise songs, taylor swift surprise song clean, Evermore Surprise Song - Taylor Swift, taylor swift singapore, Surprise Song Taylor Swift Night 2, singapore n2 eras tour",147.0,17.0,7.0,5015.0,Eras Tour-Surprise Songs-Singapore Night 2- Clean x Evermore Mashup #erastourtaylorswift #fyp #taylornation #swifttok #trending #erastour #singapore #taylorswift #surprisesongs #surprisesongstaylorswift #surprisesongserastoursingapore #surprisesongssingapore #surpisesongsaingaporen2@Taylor Nation #clean #evermoretaylorswift #evermore ,False,,swiftynewsera,swiftynewsera,,,,,,False,"erastourtaylorswift, fyp, taylornation, swifttok, trending, erastour, singapore, taylorswift, surprisesongs, surprisesongstaylorswift, surprisesongserastoursingapore, surprisesongssingapore, surpisesongsaingaporen2, clean, evermoretaylorswift, evermore","['stour', 'taylor swift', 'fyp', 'taylor nation', 'swift tok', 'trending', 'era stour', 'singapore', 'taylor swift', 'surprise songs', 'surprise songs taylor swift', 'surprise songs era stour singapore', 'surprise songs singapore', 'surprises ongs singapore n2', 'clean', 'evermore taylor swift']",2024-03-03,"(array([0.229753], dtype=float32), 'Tiny Drink')",0.22975300252437592,Tiny Drink
28,7.34e+18,2024-03-03T09:12:16,139.0,US,"Eras Tour In Singapore 2024, clean x evermore, singapore night 2, Eras Tour, eras tour singapore, eras tour taylor swift, evermore eras tour, clean taylor swift eras tour, Singapore, clean taylor swift",2559.0,376.0,69.0,45400.0,Eras Tour in Singapore 2024 #erastour #singapore #night2 #taylorswift #n2 ,False,,linavarg31,Eras Tour 2024,,,,,,False,"erastour, singapore, night2, taylorswift, n2",[],2024-03-03,"(array([0.15572126], dtype=float32), 'Imagining a Brokered Democratic Convention if Biden Drops Out')",0.1557212620973587,Imagining a Brokered Democratic Convention if Biden Drops Out
29,7.34e+18,2024-03-03T09:08:13,61.0,US,"clean x evermore, singapore night 2, taylor swift singapore, singapore n2 surprise song, Clean X Evermore Surprise Song In Singapore, surprise songs, singapore n2 eras tour surprise song, Surprise Songs Eras Tour, clean x evermore eras tour, singapore n2 eras tour",25700.0,1362.0,391.0,240100.0,Looking for a better version ü´∂üëë #singaporen2 #singaporeerastour #erastoursingapore #tstheerastoursingapore #singaporetstheerastour #singaporesurprisesongsn2 #cleanevermoresingapore #swifties ,False,,jessicagolich,JessicaGolich,,,,,,True,"singaporen2, singaporeerastour, erastoursingapore, tstheerastoursingapore, singaporetstheerastour, singaporesurprisesongsn2, cleanevermoresingapore, swifties","['singapore era tour', 'era tour singapore', 'ts the era tour singapore', 'singapore ts the era tour', 'singapore surprise songs n2', 'clean evermore singapore']",2024-03-03,"(array([0.1942099], dtype=float32), 'The Abandoned Luxury Towers That Graffiti Exposed')",0.19420990347862244,The Abandoned Luxury Towers That Graffiti Exposed
30,7.34e+18,2024-03-03T09:06:23,89.0,US,"clean x evermore, taylor swift clean evermore, clean taylor swift, Evermore Taylor Swift, clean taylor's version, Surprise Songs Eras Tour, Taylor Swift's Eras Tour Surprise Songs, Clean Song by Taylor Swift, Surprise Songs Taylor Swift, clean taylor swift eras tour",26300.0,1461.0,324.0,148400.0,clean yeah don‚Äôt talk to me. #swiftie #swifties #swifttok #ts #theerastour #taylorswift #erastour #surprisesong #surprisesongs #fyp„Ç∑ #fyp #clean #evermore #cleantaylorsversion #viral ,False,,iconictaylors,iconictaylors13 (eugean),,,,,,False,"swiftie, swifties, swifttok, ts, theerastour, taylorswift, erastour, surprisesong, surprisesongs, fyp„Ç∑, fyp, clean, evermore, cleantaylorsversion, viral","['swiftie', 'swifties', 'swift tok', 'ts', 'the era stour', 'taylor swift', 'era stour', 'surprise song', 'surprise songs', 'fyp „Ç∑', 'fyp', 'clean', 'evermore', ""clean taylor's version"", 'viral']",2024-03-03,"(array([0.2633089], dtype=float32), 'Tiny Drink')",0.26330891251564026,Tiny Drink
36,7.34e+18,2024-02-29T14:21:20,0.0,CA,"Cake Boss, cousin anthony, cake boss dropping cake, cousin anthony cake boss, cousin anthony from cake boss dropped cake, cousin anthony cake boss now, cake boss anthony, cake boss funny moments, cake boss cakes, cake from cake boss",710600.0,7097.0,2445.0,4400000.0,Had 7 year old me GAGGED #cakeboss #tlc #childhood #tv #tvshow #iconic #memories #nostalgia #trend ,False,,frangrupp,Francesca Gruppuso,,,,,,False,"cakeboss, tlc, childhood, tv, tvshow, iconic, memories, nostalgia, trend","['cake boss', 'TLC', 'childhood', 'TV', 'TV show', 'iconic', 'memories', 'nostalgia', 'trend']",2024-02-29,"(array([0.26884994], dtype=float32), 'Pause to Play')",0.2688499391078949,Pause to Play
44,7.34e+18,2024-02-29T20:04:35,14.0,US,"isabelle mccalla, grant gustin broadway, Grant Gustin, broadway, Performing On Broadway, Broadway Musical Theatre, Broadway Theatre, broadway tiktok, Broadway Musicals, Broadway Shows",43700.0,322.0,109.0,454700.0,Rehearsing Grant's entrance during warm-ups. (Special guests star Isabelle McCalla shares her thoughts at the end.) #TechTok #Broadway #WaterForElephants ,False,,w4emusical,Water For Elephants Musical,,,,,,False,"TechTok, Broadway, WaterForElephants","['Tech Tok', 'Broadway', 'Water For Elephants']",2024-02-29,"(array([0.27501822], dtype=float32), '6 Young Adult Novels That Reimagine and Retell Greek Mythology')",0.27501821517944336,6 Young Adult Novels That Reimagine and Retell Greek Mythology
54,7.34e+18,2024-02-29T20:38:31,15.0,US,"tolerate it, tolerate it eras tour, tolerate it piano, tolerate it intro piano, La La Land, eras tour singapore, Taylor Swift, la la land tolerate it, Swiftie, tolerate it taylor swift",217800.0,1544.0,1142.0,982200.0,Sigh #lalaland #taylorswift ,False,,katherinezaino,katherine,,,,,,False,"lalaland, taylorswift","['la la land', 'taylor swift']",2024-02-29,"(array([0.26764488], dtype=float32), 'Wildfire Scorches Texas Panhandle')",0.26764488220214844,Wildfire Scorches Texas Panhandle
82,7.34e+18,2024-02-29T12:40:23,61.0,US,"miss peaches', miss peach dave portnoy, Dogs Hugging Dogs, dave portnoy",34000.0,1761.0,478.0,534000.0,@Miss Peaches projectile vomitted all over me today. #misspeaches ,False,,stoolpresidente,Dave Portnoy,,,,,,True,misspeaches,['miss peaches'],2024-02-29,"(array([0.27170932], dtype=float32), 'Dressing the Forgotten Woman')",0.2717093229293823,Dressing the Forgotten Woman
85,7.34e+18,2024-02-29T17:16:14,5.0,US,"babybel cheese wax, all that work and what did it get me, all that work and what did, babybel, all that work and what did it get me slime, babybel cheese, babybel wax, Wax Food, Wax Melts Food, Making Cheese",145400.0,294.0,2899.0,10000000.0,It‚Äôs hard work being a yummy cheese ü§§  #allthatwork #babybel #cheese #candy ,True,,babybelusa,Babybel,,,,,,True,"allthatwork, babybel, cheese, candy","['all that work', 'baby bel', 'cheese', 'candy']",2024-02-29,"(array([0.29309553], dtype=float32), 'How Poisoned Applesauce Found Its Way to Kids')",0.29309552907943726,How Poisoned Applesauce Found Its Way to Kids
87,7.34e+18,2024-02-29T17:58:47,0.0,US,"Kitchen Cabinets, America's Test Kitchen, Kitchen Finds, Kitchen Faucet, Kitchen Tool, Kitchen Pan, Kitchen Goodies, America's Test Kitchen Gear",39700.0,1076.0,745.0,427600.0,#testkitchengate #batestkitchen #bonappetit #fyp ,False,,definitelynotab,Definitely Not Ab,,,,,,False,"testkitchengate, batestkitchen, bonappetit, fyp","['test kitchen gate', 'bates kitchen', 'bon appetit', 'fyp']",2024-02-29,"(array([0.30440256], dtype=float32), 'Review: In ‚ÄòBrooklyn Laundry,‚Äô There‚Äôs No Ordering Off the Menu')",0.30440255999565125,"Review: In ‚ÄòBrooklyn Laundry,‚Äô There‚Äôs No Ordering Off the Menu"
91,7.34e+18,2024-02-29T12:54:18,426.0,US,"book repair, the son of neptune, fixing books, librarian fixing books, repairing books, book repair asmr, library book repair, Booktok, librarian, fixing library book",133800.0,573.0,582.0,1700000.0,It‚Äôs a Son of Netune Spa Day üõÅ#books #asmr #bookrepair #schoollibrarian #mediaspecialistsoftiktok #teacherlibrarian #bookishtiktok #library #Inverted ,False,,meetmeinthemediacenter,Meet Me In The Media Center,,,,,,False,"books, asmr, bookrepair, schoollibrarian, mediaspecialistsoftiktok, teacherlibrarian, bookishtiktok, library, Inverted",[],2024-02-29,"(array([1.], dtype=float32), 'This Spring, Men‚Äôs Wear Comes in Crisp White Hues')",1.0,"This Spring, Men‚Äôs Wear Comes in Crisp White Hues"
101,7.34e+18,2024-02-29T15:56:33,0.0,GB,"willy wonka, Wonka, Wonka Scene, Wonka Movie, Wonka Red Suit, Will Wonka Costume, wonka chocolate scene, jared goff willy wonka, willywonka timothee, wonka movie 2023",959100.0,14800.0,9897.0,6800000.0,The group all gonna be fighting to be The Unknown ü§© #wonka #wonkaexperience #willywonka #theunknown ,False,,ramonochrome,Ramon Daniel,,,,,,False,"wonka, wonkaexperience, willywonka, theunknown","['wonka', 'wonka experience', 'willy wonka', 'the unknown']",2024-02-29,"(array([0.25686172], dtype=float32), 'Children‚Äôs Film Festival Has Robots, Chickens, Authors and More')",0.25686171650886536,"Children‚Äôs Film Festival Has Robots, Chickens, Authors and More"
103,7.34e+18,2024-02-29T20:03:02,0.0,US,"end game taylor swift, Taylor Swift, Taylor Swift Singing, Taylor, taylor swift song, Ironman, Swiftie, Lover - Taylor Swift, the endgame, Taylor Swift Talking Voice",186000.0,438.0,493.0,818000.0,never forget. #taylorswift #taylorswifttok #swifttok #lovertaylorswift #metaylorswift #endgame #swiftie ,False,,godforsakenxmess,delanaisdelicate,,,,,,False,"taylorswift, taylorswifttok, swifttok, lovertaylorswift, metaylorswift, endgame, swiftie","['taylor swift', 'taylor swift tok', 'swift tok', 'lover taylor swift', 'me taylor swift', 'endgame', 'swiftie']",2024-02-29,"(array([0.22188562], dtype=float32), 'A Complexly Flavored (but Weeknight-Friendly) Vegan Curry')",0.22188562154769897,A Complexly Flavored (but Weeknight-Friendly) Vegan Curry
107,7.34e+18,2024-02-29T18:06:57,18.0,US,"Amy And Laurie, little women edit, little women, im amy, amy little women, amy and laurie edit, Laurie You're Being Mean, Amy And Laurie - Little Women, little women scene, Little Women Movie Scenes",1200000.0,7264.0,4233.0,5300000.0,‚Äúim amy‚Äù #littlewomen #amylaurie,False,,yelenaaeps,phoebe,,,,,,False,"littlewomen, amylaurie","['little women', 'amy laurie']",2024-02-29,"(array([0.30343196], dtype=float32), 'Kate DiCamillo Says ‚ÄòPaying Attention Is a Way to Love the World‚Äô')",0.3034319579601288,Kate DiCamillo Says ‚ÄòPaying Attention Is a Way to Love the World‚Äô
109,7.34e+18,2024-02-29T16:59:36,10.0,US,"nerd gummy cluster infused, nerd clusters infused, nerds gummy clusters, Infused Snacks, Nerds Candy, Gummy Clusters, Trying Nerds Gummy Clusters, Nerds Candy Corn, candy infused drink, Gummy Food",602600.0,16000.0,3453.0,6100000.0,Vodka infused nerd clusters üò≠üíóü•∏ #nerdclusters im excited !! ,False,,coffeebae97,coffeebae97,,,,,,True,nerdclusters,[],2024-02-29,"(array([1.], dtype=float32), 'This Spring, Men‚Äôs Wear Comes in Crisp White Hues')",1.0,"This Spring, Men‚Äôs Wear Comes in Crisp White Hues"
37,7.34e+18,2024-03-01T14:46:40,73.0,US,"you have been promoted, polar vortex 2024, mikey angelo, mikey angelo 2020 recap, 2024 recap, new year 2024, 2024 calendar, 2024 predictions filter, new year 2024 countdown, january dump 2024",2100000.0,13300.0,8993.0,12600000.0,2 months deep into 2024‚Ä¶ üò∂ why does it feel like the majority of this stuff happened in the last week üò≠ #2024 #Recap #Rap ,False,,mrgrandeofficial,Mikey Angelo,,,,,,True,"2024, Recap, Rap","['20 24', 'Recap', 'Rap']",2024-03-01,"(array([0.28718796], dtype=float32), '‚ÄòAnatomy of a Fall‚Äô | Anatomy of a Scene')",0.28718796372413635,‚ÄòAnatomy of a Fall‚Äô | Anatomy of a Scene
38,7.34e+18,2024-03-01T15:37:03,205.0,US,"dave portnoy, miss peaches', miss peaches' parody, dave portnoy miss peach, miss peaches's backstory, Walking Shoes, Walking In Heels, walking pretty, Model Walk In Public, renee and dave portnoy",182300.0,7073.0,2438.0,1600000.0,My Papa taught me how to walk today! I love long walks now #misspeaches ,False,,famousmisspeaches,Miss Peaches,,,,,,False,misspeaches,['miss peaches'],2024-03-01,"(array([0.22278415], dtype=float32), 'The ‚ÄòGriselda‚Äô Creator‚Äôs Miami')",0.2227841466665268,The ‚ÄòGriselda‚Äô Creator‚Äôs Miami
53,7.34e+18,2024-03-01T15:37:32,16.0,US,"trader joe's mini tote, trader joes tote bag, mini trader joe bag, trader joe's mini tote embroidery, trader joe's mini tote bag, trader joe's mini tote bag embroidery, Embroidery, trader joe's embroidery bag, trader joes bag, Hand Embroidery",99900.0,4380.0,420.0,914800.0,add a little detail üçì to my new trader joe‚Äôs mini bag with me‚ò∫Ô∏èü§≠ #embroidery #strawberries #diy ,False,,melanie_locke,Melanie Locke,,,,,,True,"embroidery, strawberries, diy","['embroidery', 'strawberries', 'diy']",2024-03-01,"(array([0.1768494], dtype=float32), 'I Left My Heart in San Francisco-Style Garlic Noodles')",0.1768493950366974,I Left My Heart in San Francisco-Style Garlic Noodles
70,7.34e+18,2024-03-01T19:18:20,9.0,US,"dove cameron shameless, dove cameron and damiano, Dove Cameron, Maneskin, damiano david and dove cameron, Damiano David, dove cameron disneyland, holly shameless, dove cameron boyfriend, maneskin dove cameron",896000.0,4067.0,1451.0,6700000.0,omg i luved her on shameless üò©#maneskin #damianodavid #dovecameron #disneyland  ,False,,sammuntaaa,Vel0uriaaa,,,,,,False,"maneskin, damianodavid, dovecameron, disneyland",[],2024-03-01,"(array([1.], dtype=float32), 'This Season, Mix Texture and Transparency')",1.0,"This Season, Mix Texture and Transparency"
88,7.34e+18,2024-03-01T18:48:43,451.0,US,"book repair, fixing books, library book repair, book repair asmr, #booktok, Librarians Of TikTok, Book TikTok, librarian cover books, Books Of TikTok, Tabbing Books",62400.0,207.0,462.0,592000.0,"Yeah, I made this one worse before I made it better. Team #nocut is going to come out, I can feel it ü´£#asmr #bookrepair #books #schoollibrarian #bookishtiktok #library #mediaspecialistsoftiktok #teacherlibrarian #Inverted ",False,,meetmeinthemediacenter,Meet Me In The Media Center,,,,,,False,"nocut, asmr, bookrepair, books, schoollibrarian, bookishtiktok, library, mediaspecialistsoftiktok, teacherlibrarian, Inverted",[],2024-03-01,"(array([1.], dtype=float32), 'This Season, Mix Texture and Transparency')",1.0,"This Season, Mix Texture and Transparency"
106,7.34e+18,2024-03-01T14:18:22,5.0,US,"Zane, alishamarie, dating, breakups, fashion, makeover transformation, Date Night, Fashion Tiktok, Dress Makeover, The Break Up",175100.0,677.0,388.0,1600000.0,currently venmo requesting him for the styling services as we speak #dating #breakup #breakuphumor #alishamarie,False,,alishamarie,alishamarie,,,,,,True,"dating, breakup, breakuphumor, alishamarie","['dating', 'breakup', 'breakup humor', 'alisha marie']",2024-03-01,"(array([0.3003127], dtype=float32), 'After Six Seasons, Viewers Have an Answer: No, Love Is Not Blind')",0.30031269788742065,"After Six Seasons, Viewers Have an Answer: No, Love Is Not Blind"
112,7.34e+18,2024-03-01T15:16:35,62.0,US,"pizza sandwich, Dress Wedding, Wedding, Wedding Cake, bride dress, Wedding TikTok, Dress For Wedding, Wedding Cake Decorations, Wedding Dress Try On, Wedding Cake Topper",194300.0,1716.0,283.0,983300.0,If anyone needs some custom cakes done I know a man!! #wedding #momsoftiktok #dadsoftiktok #youngmom ,False,,celinaadornetti,Celina Adornetti,,,,,,False,"wedding, momsoftiktok, dadsoftiktok, youngmom",[],2024-03-01,"(array([1.], dtype=float32), 'This Season, Mix Texture and Transparency')",1.0,"This Season, Mix Texture and Transparency"
40,7.34e+18,2024-02-25T02:57:33,68.0,FR,"Cocker Spaniel, cocker spaniels platos, cocker, King Charles Spaniel, cocker spaniels cachorros, cokers spanish perro, Cocker Spaniel Puppies, Spaniel Dog, Dog Eat, Dog Eating Food",2700000.0,80100.0,19800.0,45100000.0,#dog #tiktok üòÇü¶¥,False,,wsj91541pt4,hai,,,,,,False,"dog, tiktok","['dog', 'tiktok']",2024-02-25,"(array([0.24807115], dtype=float32), 'Go Bad')",0.24807114899158478,Go Bad
46,7.34e+18,2024-02-25T20:57:21,114.0,US,"greatest showman, from now on greatest showman, Savannah Bananas, greatest showman dance, Jackson Olson, greatest showman rehearsal, jackson olson face injury, Hugh Jackman Singing, come back home greatest showman, Jeremy Jordan Greatest Showman",398200.0,11600.0,2167.0,3900000.0,Our Greatest Showmanüí´üé™ #savannahbananas #thegreatestshowman #fyp #foryou #bananaball #jacksonolson ,False,,thesavbananas,thesavbananas,,,,,,True,"savannahbananas, thegreatestshowman, fyp, foryou, bananaball, jacksonolson","['savannah bananas', 'the greatest showman', 'fyp', 'for you', 'banana ball', 'jackson olson']",2024-02-25,"(array([0.24125381], dtype=float32), 'Hoecakes for Weekend Breakfast; ‚ÄòThose Meatballs‚Äô for Weeknight Dinner')",0.2412538081407547,Hoecakes for Weekend Breakfast; ‚ÄòThose Meatballs‚Äô for Weeknight Dinner
55,7.34e+18,2024-02-25T17:12:30,0.0,US,"Heartless, Book TikTok, Heartless By Marissa Meyer, booktok, Heartless Edit, Books Of TikTok, booktok romance, Book To Read, book recommendation, Book Recommendations To Cry",29800.0,65.0,189.0,217700.0,i will never get over them. #booktok #heartless #fyp #cathpinkerton #catherinepinkerton #jest #jestthejoker #cathjest #jestcath #catherinejest #jestcatherine #heartlessedit #heartlessbook #queenofhearts #jestandcath #jestandcatherine #cathandjest #catherineandjest #marissameyer ,False,,livlovesbookss,liv (warner‚Äôs version),,,,,,False,"booktok, heartless, fyp, cathpinkerton, catherinepinkerton, jest, jestthejoker, cathjest, jestcath, catherinejest, jestcatherine, heartlessedit, heartlessbook, queenofhearts, jestandcath, jestandcatherine, cathandjest, catherineandjest, marissameyer","['book tok', 'heartless', 'fyp', 'cath pinkerton', 'catherine pinkerton', 'jest', 'jest the joker', 'cath jest', 'jest cath', 'catherine jest', 'jest catherine', 'heartless edit', 'heartless book', 'queen of hearts', 'jest and cath', 'jest and catherine', 'cath and jest', 'catherine and jest', 'marissa meyer']",2024-02-25,"(array([0.23120753], dtype=float32), 'Republicans Struggle to Respond as Democrats Emphasize the Alabama I.V.F. Ruling')",0.23120753467082977,Republicans Struggle to Respond as Democrats Emphasize the Alabama I.V.F. Ruling
56,7.34e+18,2024-02-25T10:09:52,67.0,US,"brittany broski, astrology, britney, Zodiac Signs, MeCore, Water And Air Signs, Air Signs, Why Is It In A Cage Brittany Broski, brittany broski funniest moments, and i took her to my penthouse brittany broski",18200.0,119.0,60.0,126900.0,shes so funny and cute üò≠ #astrology #watersigns #earthsigns #airsigns #firesigns #mecore #brittanybroski @Brittany ,False,,itsrainingemeni,jade ana,,,,,,False,"astrology, watersigns, earthsigns, airsigns, firesigns, mecore, brittanybroski","['astrology', 'water signs', 'earth signs', 'air signs', 'fire signs', 'me core', 'brittany broski']",2024-02-25,"(array([0.14100231], dtype=float32), 'Prison Escapees Hijacked Boat of Missing American Couple in Grenada, Police Say')",0.14100231230258942,"Prison Escapees Hijacked Boat of Missing American Couple in Grenada, Police Say"
99,7.34e+18,2024-02-25T14:09:58,76.0,US,"Ballet, Breaking Pointe Shoes, Pointe Shoes, Pointe Shoe Prep, pointe shoes without breaking them in, Why Do Ballerinas Break Their Shoes, Ballet Shoes, Sewing, Preparing Ballet Shoes, Sewing TikTok",382300.0,1371.0,2133.0,4800000.0,prep my pointe shoes with me üòÄü©∞#pointeshoesprep #sewingpointeshoes #SAB #breakinginpointeshoes ,False,,__vanessajoy__,Vanessa,,,,,,False,"pointeshoesprep, sewingpointeshoes, SAB, breakinginpointeshoes","['pointe shoes prep', 'sewing pointe shoes', 'SAB', 'breaking in pointe shoes']",2024-02-25,"(array([0.16963603], dtype=float32), '‚ÄòWater for Elephants‚Äô Brings the Circus to Broadway')",0.16963602602481842,‚ÄòWater for Elephants‚Äô Brings the Circus to Broadway
41,7.34e+18,2024-02-28T06:06:56,22.0,IT,"bradley cooper, bradley cooper gigi hadid, gigi hadid, Bradley Cooper Irina Shayk, bradley cooper lady gaga, Bella Hadid, bradley cooper young, gigi hadid leonardo dicaprio, limitless bradley cooper, Zayn And Gigi",376200.0,5399.0,2591.0,4400000.0,"GIGI HADID AND BRADLEY COOPER IN NYC, WHAT A GENTLEMAN HE IS ü§é  #gigihadid #gigihadidstyle #bradleycooper #bradleycooperedit #bradleycoopertok #bradleycoopergigihadid #gigihadidbradleycooper #gigihadidedit #hadidsisters #hadidfamily #bellahadid #gigibellahadid #bellagigihadid #bellagigikendall #kendalljenner #kendalljenneredit #kendalljennerstyle #kendalljennergigihadid #gigihadidtaylorswift #taylorswift #swifttok #taylorswiftedit #celebrity #celebs #hollywoodstars #gossip #blowthisup #viral ",False,,goandsipwithus,Go & Sip,,,,,,False,"gigihadid, gigihadidstyle, bradleycooper, bradleycooperedit, bradleycoopertok, bradleycoopergigihadid, gigihadidbradleycooper, gigihadidedit, hadidsisters, hadidfamily, bellahadid, gigibellahadid, bellagigihadid, bellagigikendall, kendalljenner, kendalljenneredit, kendalljennerstyle, kendalljennergigihadid, gigihadidtaylorswift, taylorswift, swifttok, taylorswiftedit, celebrity, celebs, hollywoodstars, gossip, blowthisup, viral","['gigi hadid style', 'bradley cooper', 'bradley cooper edit', 'bradley cooper tok', 'bradley cooper gigi hadid', 'gigi hadid bradley cooper', 'gigi hadid edit', 'hadid sisters', 'hadid family', 'bella hadid', 'gigi bella hadid', 'bella gigi hadid', 'bella gigi kendall', 'kendall jenner', 'kendall jenner edit', 'kendall jenner style', 'kendall jenner gigi hadid', 'gigi hadid taylor swift', 'taylor swift', 'swift tok', 'taylor swift edit', 'celebrity', 'celebs', 'hollywood stars', 'gossip', 'blow this up']",2024-02-28,"(array([0.5075495], dtype=float32), 'Nepo Babies Crowd the Runways')",0.507549524307251,Nepo Babies Crowd the Runways
75,7.34e+18,2024-02-28T19:31:48,99.0,US,"cookie cake, cookie cake recipe, soft cookies, subway cookie, cookies, cookie mukbang, subway footlong cookie, soft cookies mukbang, how to make cookie cake, nca meaning",1900000.0,6199.0,5207.0,21500000.0,Cutting and decorating a NCA cookie cake #cookiecake #nca #cakevideos #cakedecorating #cookiecakes #bluecottagebakery #asmr #bakingasmr #birthdaycake #cookievideos ,False,,bluecottagebakeryla,Christina‚Ä¢BlueCottageBakery,,,,,,False,"cookiecake, nca, cakevideos, cakedecorating, cookiecakes, bluecottagebakery, asmr, bakingasmr, birthdaycake, cookievideos","['nca', 'cake videos', 'cake decorating', 'cookie cakes', 'blue cottage bakery', 'asmr', 'baking asmr', 'birthday cake']",2024-02-28,"(array([0.3856511], dtype=float32), 'This 3-Course Menu Lets You Prep Ahead and Enjoy the Party')",0.3856511116027832,This 3-Course Menu Lets You Prep Ahead and Enjoy the Party
77,7.34e+18,2024-02-28T11:39:14,0.0,CA,"i saw you in my dream, Microsoft, Excel, excel championship, excel tips and trick, what is excel, microsoft excel, Excel Tips, Excel Sheets Tips, Computer Tips And Tricks",2100000.0,58300.0,7067.0,13300000.0,Most definitely was not me. @Microsoft 365 #finance #financebro #excel #exceltips #exceltricks ,False,,youraveragefinancebro,Finance Bro,,,,,,False,"finance, financebro, excel, exceltips, exceltricks","['finance', 'finance bro', 'excel', 'excel tips', 'excel tricks']",2024-02-28,"(array([0.2553544], dtype=float32), 'Divisions Among Finance Ministers Flare Over Seizing Russian Assets')",0.2553544044494629,Divisions Among Finance Ministers Flare Over Seizing Russian Assets
111,7.34e+18,2024-02-28T14:34:56,337.0,US,"korean convenience store, japanese convenience store, Buldak Ramen, convenience store, ramen, korean convenience store asmr, korean food, 7 eleven in korea, buldak ramen noodles, ramen coreano",1200000.0,6512.0,4360.0,10600000.0,Ramen taste the best on a cold rainy day #girldinner #koreaconveniencestore ,False,,serenalexoxo,SERE–òA,,,,,,False,"girldinner, koreaconveniencestore",[],2024-02-28,"(array([1.], dtype=float32), 'Outdoorsy Men‚Äôs Wear That Suits the City Too')",1.0,Outdoorsy Men‚Äôs Wear That Suits the City Too
42,7.34e+18,2024-02-19T17:02:19,9.0,US,"austin butler, Anya Taylor Joy, zendaya robot suit, timothee chalamet, anya taylor joy timothee chalamet, anya taylor joy timothee chalamet beef, anya taylor joy dune 2, Lip Reading, Zendaya, anya taylor",528000.0,3313.0,2916.0,11500000.0,#duet with @E! News #anyataylorjoy Same tbh #timotheechalamet #zendaya #dune2 #dune2premier #lipreading #lipreadinggirl #deaf #deaftok #jackiegonzalez ,False,,tismejackieg,Jackie,,,,,,False,"duet, anyataylorjoy, timotheechalamet, zendaya, dune2, dune2premier, lipreading, lipreadinggirl, deaf, deaftok, jackiegonzalez","['duet', 'anya taylor joy', 'timothee chalamet', 'zendaya', 'dune 2', 'dune 2 premier', 'lip reading', 'lip reading girl', 'deaf', 'deaf tiktok', 'jackie gonzalez']",2024-02-19,"(array([0.32275268], dtype=float32), 'Quietly Dressing Hollywood‚Äôs Cool Girls')",0.3227526843547821,Quietly Dressing Hollywood‚Äôs Cool Girls
58,7.34e+18,2024-02-19T11:55:22,183.0,US,"katievanslyke, cow, Mini Cows, Cows Of TikTok, cow tiktok, animals of tiktok, Miniature Cows, cute cow, Cute Cow Videos, Pet Feeding",123900.0,378.0,1149.0,952600.0,Posie & Pumpkin scolded me for over sleepingü§£üêÆ #posieandpumpkin #bottlecalves #bottlefeeding #minicows #minicowsoftiktok ,False,,katievanslyke,Katie‚ÄÇVan‚ÄÇSlyke,,,,,,False,"posieandpumpkin, bottlecalves, bottlefeeding, minicows, minicowsoftiktok","['posie and pumpkin', 'bottle calves', 'bottle feeding', 'mini cows', 'mini cows of tiktok']",2024-02-19,"(array([0.24272618], dtype=float32), 'The Booming Business of Cutting Babies‚Äô Tongues')",0.2427261769771576,The Booming Business of Cutting Babies‚Äô Tongues
47,7.32e+18,2024-01-12T21:14:25,600.0,HN,"Taylor Swift, Scooter Braun, taylor swift ama 2019, eras tour, the man taylor swift, taylor swift era tour, The Eras Tour, american music awards taylor swift, The Eras Tour Taylor Swift, Taylor",345700.0,1509.0,826.0,3200000.0,This is my Roman Empire. #taylorswift #ams2019 #americanmusicawards #Fearless #Red #1989 #Reputation #SpeakNow #theerastour #theman #LoveStory #iknewyouweretrouble #blankspace #shakeitoff #lover #camilacabello #charlixcx #fyp ,False,,ecalix88,Eduardo,,,,,,False,"taylorswift, ams2019, americanmusicawards, Fearless, Red, 1989, Reputation, SpeakNow, theerastour, theman, LoveStory, iknewyouweretrouble, blankspace, shakeitoff, lover, camilacabello, charlixcx, fyp","['taylor swift', 'ams 2019', 'american music awards', 'fearless', 'red', '1989', 'reputation', 'speak now', ""the era's tour"", 'the man', 'love story', 'i knew you were trouble', 'blank space', 'shake it off', 'lover', 'camila cabello', 'charli xcx', 'fyp']",2024-01-12,"(array([0.39137274], dtype=float32), 'Ariana Grande‚Äôs House-Groove Kiss-Off, and 9 More New Songs')",0.3913727402687073,"Ariana Grande‚Äôs House-Groove Kiss-Off, and 9 More New Songs"
69,7.32e+18,2024-01-12T11:45:37,26.0,US,"reneerapp, renee rapp bus driver, renee rapp interview, renee rapp chris briney, renee rapp buddy, renee rapp buddy bus driver, renee rapp pr training, renee rapp and chris briney, chris briney, there is this man named buddy renee rapp",169100.0,391.0,188.0,1000000.0,I have already watched this video an unholy number of times #meangirls #reneerapp ,False,,crawlie,crawlie,,,,,,False,"meangirls, reneerapp","['mean girls', 'renee rapp']",2024-01-12,"(array([0.61801594], dtype=float32), 'When Mean Girls Grow Up')",0.6180159449577332,When Mean Girls Grow Up
57,7.34e+18,2024-02-26T17:15:54,61.0,US,"libra core, dakota johnson limes, dakota johnson, scorpio core, leo core, sagittarius core, capricorn core, aquarius core, dakota johnson funny moments, dakota johnson gap",165100.0,713.0,217.0,1200000.0,dakota johnson is so libra coded  #astrology #watersigns #earthsigns #airsigns #firesigns #dakotajohnson #libra #mecore #core ,False,,itsrainingemeni,jade ana,,,,,,False,"astrology, watersigns, earthsigns, airsigns, firesigns, dakotajohnson, libra, mecore, core","['astrology', 'watersigns', 'earthsigns', 'airsigns', 'firesigns', 'dakotajohnson', 'libra', 'mecore', 'core']",2024-02-26,"(array([0.20690416], dtype=float32), 'Democrats Reject Bipartisan Map and Will Redraw N.Y. House Districts')",0.20690415799617767,Democrats Reject Bipartisan Map and Will Redraw N.Y. House Districts
86,7.34e+18,2024-02-26T18:51:44,19.0,US,"emma movie, if i loved you less i might be able, emma 2020, emma 2020 edit, emma jane austen, emma movie edit, Anya Joy Taylor, anya taylor, anya, emma anna taylor joy",82200.0,554.0,226.0,375400.0,gorgeous film #anyataylorjoy #emma ,False,,yelenaaeps,phoebe,,,,,,False,"anyataylorjoy, emma","['anya taylor joy', 'emma']",2024-02-26,"(array([0.21677193], dtype=float32), 'Amy Schumer Says She Has Cushing‚Äôs Syndrome, a Hormonal Disorder')",0.2167719304561615,"Amy Schumer Says She Has Cushing‚Äôs Syndrome, a Hormonal Disorder"
90,7.34e+18,2024-02-26T15:02:08,482.0,US,"book repair, book restoration, book binding, library book repair, librarian, what is eragon about, Booktok, library book repair asmr, fixing library book, repairing books",923200.0,2819.0,4649.0,9200000.0,Team Cut will be happy with this one‚Ä¶and it‚Äôs a long repair for you bedtime followers üò¥ü§£ #asmr #books #schoollibrarian #mediaspecialistsoftiktok #teacherlibrarian #bookrepair #middleschoollibrarian #bookish #middleschoollibrary ,False,,meetmeinthemediacenter,Meet Me In The Media Center,,,,,,False,"asmr, books, schoollibrarian, mediaspecialistsoftiktok, teacherlibrarian, bookrepair, middleschoollibrarian, bookish, middleschoollibrary","['asmr', 'books', 'school librarian', 'media specialist soft tiktok', 'teacher librarian', 'book repair', 'middle school librarian', 'bookish', 'middle school library']",2024-02-26,"(array([0.25724572], dtype=float32), 'In Trump Criminal Case, Manhattan D.A. Asks for Gag Order Before Trial')",0.2572457194328308,"In Trump Criminal Case, Manhattan D.A. Asks for Gag Order Before Trial"
60,7.34e+18,2024-02-23T14:40:22,14.0,US,"Rue Bennett, Rue Bennett Edit, khabane lame, Rue Confronts Troy, dan rue, rue cant use bathroom, Rue And Lexi, Elliot And Rue Edits, Khabane Lame Edits, big boogie house",124300.0,1870.0,393.0,783000.0,#xybca #kj2tuff #mydc #jerry2v #rue #trio ,False,,kj2_.tuff,Kj,,,,,,False,"xybca, kj2tuff, mydc, jerry2v, rue, trio","['xy bca', 'kj 2 tuff', 'my dc', 'jerry 2 v', 'rue', 'trio']",2024-02-23,"(array([0.21827844], dtype=float32), 'Neil Gaiman on the Collectibles He‚Äôs Auctioning')",0.2182784378528595,Neil Gaiman on the Collectibles He‚Äôs Auctioning
62,7.34e+18,2024-02-22T00:52:30,15.0,VN,"popin' cookin', when he wants a girl who can cook, popin' cookin' taste test, Mini Cooking, popin' cookin' asmr, popping cooking sushi, cooking food, #cooking, cooking  videos, Cooking Food Videos",1600000.0,21600.0,10600.0,13900000.0,Siu ƒë·∫ßu b·∫øp üë©üèª‚Äçüç≥üê≠ #fyp„Ç∑ #foryou ,False,,quynt.c,üê∞‡æÄ‡Ω≤,,,,,,False,"fyp„Ç∑, foryou","['fyp „Ç∑', 'for you']",2024-02-22,"(array([0.30535012], dtype=float32), 'Let Us Help You Find Your Next Book')",0.305350124835968,Let Us Help You Find Your Next Book
63,7.33e+18,2024-02-10T18:11:05,79.0,US,"candy salad, the jar, eli rallo book, eli rallo jar, the jar snack mix, Gluten Free Desserts, i didn't know i needed this book",30100.0,93.0,105.0,409000.0,I mesnt to say OVER 800k #thejarr ,False,,elirallo,Eli Rallo,,,,,,True,thejarr,['the jar'],2024-02-10,"(array([0.33801073], dtype=float32), 'The Connections Companion')",0.3380107283592224,The Connections Companion
67,7.33e+18,2024-01-23T18:18:33,278.0,US,"book repair, percy jackson, cover one machine, percy jackson books, librarian, fixing books, library book repair, repairing books, cover one book repair, book restoration",96800.0,198.0,269.0,681700.0,Repair a book with me üìï #mediaspecialistsoftiktok #middleschoollibrary #mediaspecialist #schoollibrarianlife #schoollibrarian #percyjackson #coverone #bookrepair ,False,,meetmeinthemediacenter,Meet Me In The Media Center,,,,,,False,"mediaspecialistsoftiktok, middleschoollibrary, mediaspecialist, schoollibrarianlife, schoollibrarian, percyjackson, coverone, bookrepair","['media specialists of tiktok', 'middle school library', 'media specialist', 'school librarian life', 'school librarian', 'percy jackson', 'cover one', 'book repair']",2024-01-23,"(array([0.25814307], dtype=float32), 'Last Known Remains Tied to Green River Killer Are Identified')",0.2581430673599243,Last Known Remains Tied to Green River Killer Are Identified
68,7.33e+18,2024-01-24T22:56:04,25.0,US,"renee rapp, renee rapp interview, mean girls the musical, renee from mean girls, reneerappmeangirls, renee, Mean Girls Musical Movie, mean girls, mean girls bus scene, bus driver",3394.0,337.0,6.0,63200.0,#rene√©rapp #meangirls #meangirlsmusicalmovie #rene√©rappsnowangel #rene√©rappmeme ,False,,differentbrandobeanz,lex,,,,,,False,"rene√©rapp, meangirls, meangirlsmusicalmovie, rene√©rappsnowangel, rene√©rappmeme","['ren√©e rapp', 'mean girls', 'mean girls musical movie', 'rene√© rapp snow angel', 'rene√© rapp meme']",2024-01-24,"(array([0.3522272], dtype=float32), 'Hillary Clinton on ‚ÄòBarbie‚Äô Snubs: You‚Äôre ‚ÄòMore Than Kenough‚Äô')",0.35222721099853516,Hillary Clinton on ‚ÄòBarbie‚Äô Snubs: You‚Äôre ‚ÄòMore Than Kenough‚Äô
92,7.33e+18,2024-01-24T20:00:23,23.0,BE,"Bridgerton, anthony and kate, Anthony Bridgerton, bridgerton edit, bridgerton season 3, anthony bridgerton and kate, Benedict Bridgerton, daphne and simon, anthony bridgerton edit, violet bridgerton edit",1300000.0,4659.0,1838.0,6700000.0,I relate so much to these women #anthonybridgerton #anthonybridgertonedit #jonathanbailey #jonathanbaileyedit #bridgerton #fyp #fyp„Ç∑ #viral ,False,,feiiyan,FEIIYAN,,,,,,False,"anthonybridgerton, anthonybridgertonedit, jonathanbailey, jonathanbaileyedit, bridgerton, fyp, fyp„Ç∑, viral","['anthony bridgerton', 'anthony bridgerton edit', 'jonathan bailey', 'jonathan bailey edit', 'bridgerton', 'fyp', 'fyp „Ç∑', 'viral']",2024-01-24,"(array([0.27364922], dtype=float32), '‚ÄòIn the Know‚Äô Review: This American Narcissist')",0.2736492156982422,‚ÄòIn the Know‚Äô Review: This American Narcissist
83,7.33e+18,2024-02-09T15:59:57,23.0,CA,"shrimp tacos kylie jenner, kylie jenner's ramen noodles video, kylie jenner's ramen, Ramen, kylie jenner shrimp, kylie jenner cooking, kylie jenner ramen noodles original video, Kylie Jenner, shrimp tacos, Ramen Noodles",517600.0,228.0,702.0,6000000.0,a simple snap story that took the world by storm  #kyliejenner #kyliejennerramen ,False,,444cherry3ri,erica,,,,,,False,"kyliejenner, kyliejennerramen","['kylie jenner', 'kylie jenner ramen']",2024-02-09,"(array([0.2497999], dtype=float32), 'America Ferrera, Katie Holmes, and Carey Mulligan Turn Out for Chanel')",0.249799907207489,"America Ferrera, Katie Holmes, and Carey Mulligan Turn Out for Chanel"
89,7.34e+18,2024-02-21T09:03:00,208.0,US,"smile book, book repair, fixing books, librarian, fixing library book, librarian fixing books, smile graphic novel, joe goldberg fixing books, cover one, fixing books asmr",371000.0,693.0,1294.0,5400000.0,Replying to @theamazinrose #asmr #bookishtiktok #schoollibrarian #mediaspecialistsoftiktok #middleschoollibrary #teacherlibrarian #middleschoollibrarian #bookrepair #coverone #Inverted ,False,,meetmeinthemediacenter,Meet Me In The Media Center,,,,,,False,"asmr, bookishtiktok, schoollibrarian, mediaspecialistsoftiktok, middleschoollibrary, teacherlibrarian, middleschoollibrarian, bookrepair, coverone, Inverted","['asmr', 'bookish tiktok', 'school librarian', 'media specialist soft tiktok', 'middle school library', 'teacher librarian', 'middle school librarian', 'book repair', 'cover one', 'Inverted']",2024-02-21,"(array([0.31714162], dtype=float32), 'Are People Who Read Magazines Without Paying ‚ÄòStealing‚Äô Their Content?')",0.3171416223049164,Are People Who Read Magazines Without Paying ‚ÄòStealing‚Äô Their Content?
97,7.34e+18,2024-02-27T12:37:07,35.0,GB,"poison poison renee rapp, Pauline Chalamet, pauline chalamet renee rapp, poison poison, who is poison poison about, renee rapp and pauline chalamet beef, reneerapp, renee rapp and pauline chalamet, who is poison poison about renee rapp, renee rapp paullie chalamet drama",170800.0,1429.0,285.0,860200.0,rene√© talking before poison poison last nightü§≠ü§≠ shes so unserious i love her | #foryoupage #rene√©rappedit #rene√©rapp #nottingham #rene√©rappnottingham #thelevelnottingham ,False,,ellessedits,ellesseditsüë©üèº‚Äç‚ù§Ô∏è‚Äçüíã‚Äçüë©üèª‚∏Ü‚∏â,,,,,,False,"foryoupage, rene√©rappedit, rene√©rapp, nottingham, rene√©rappnottingham, thelevelnottingham","['for you page', 'ren√©e rappedit', 'ren√©e rapp', 'nottingham', 'ren√©e rapp nottingham', 'the level nottingham']",2024-02-27,"(array([0.30956236], dtype=float32), 'Faye Webster Hates Attention. But Her Songs Keep Getting Bigger.')",0.3095623552799225,Faye Webster Hates Attention. But Her Songs Keep Getting Bigger.
98,7.33e+18,2024-02-01T13:11:46,104.0,US,"love on the spectrum, tanner and kate, william syndrome, tanner love on spectrum, love on spectrum, tanner love on the spectrum, tanner, abby love on the spectrum, tanner and his mom, tanner schroening",5500000.0,142100.0,46400.0,44200000.0,Tanner and Kate's first date! #tannerloveonthespectrum #loveonthespectrumseason2 #datingshow ,False,,netflix.reality.clips,Netflix Clips,,,,,,True,"tannerloveonthespectrum, loveonthespectrumseason2, datingshow","['tanner love on the spectrum', 'love on the spectrum season 2', 'dating show']",2024-02-01,"(array([0.30232626], dtype=float32), 'Is It Real Love? With Celebrities, Many Think They Can Tell by Looking.')",0.3023262619972229,"Is It Real Love? With Celebrities, Many Think They Can Tell by Looking."
105,7.34e+18,2024-02-24T10:50:56,55.0,TH,,28.0,0.0,0.0,2559.0,What an awesome day four wheeling through the mountains of  Samui Island  #samui  #samuiisland #fourwheeling #atv #thailand ,False,,zanealisha25,Zane Alisha,,,,,,False,"samui, samuiisland, fourwheeling, atv, thailand","['samui', 'samui island', 'four wheeling', 'atv', 'thailand']",2024-02-24,"(array([0.21464047], dtype=float32), 'Three Riveting, Slow-Burn New Thrillers')",0.21464046835899353,"Three Riveting, Slow-Burn New Thrillers"
110,7.32e+18,2024-01-16T14:58:36,125.0,DE,"My Tears Ricochet, tolerate it piano, tolerate it, my tears ricochet piano, right where you left me, Tis The Damn Season, illicit affairs, illicit affairs piano, Taylor Swift, exile taylor swift",287800.0,3482.0,2788.0,1300000.0,folklore and evermore mashup ü™©üçÇ this is my favorite mashup so far :) #taylorswift #swifttok #swiftie #piano @Taylor Swift @Taylor Nation ,False,,miavitamusic,mia,,,,,,False,"taylorswift, swifttok, swiftie, piano","['taylor swift', 'swift tok', 'swiftie', 'piano']",2024-01-16,"(array([0.3711413], dtype=float32), 'Adele, Beyonc√©, the Sphere: How Es Devlin Reinvented Modern Spectacle')",0.37114131450653076,"Adele, Beyonc√©, the Sphere: How Es Devlin Reinvented Modern Spectacle"
115,7.25e+18,2023-06-26T13:11:47,48.0,US,"Rubber Room With Rats, fake tourette girl, hemiplegia, lobotomy core, Lobotomy Ringtone, What Is Lobotomy Core, rachelchaleff, Lobotomy Survivor, plants vs lobotomy, I Was In A Room A Rubber Room",138600.0,4820.0,4224.0,1700000.0,Replying to @wilfredsir   I haven‚Äôt done a lot of research on the topic ! #fyp #tourettesawareness #greenscreen ,False,,rachelchaleff,keet !,,,,,,False,"fyp, tourettesawareness, greenscreen","['fyp', 'tourettes awareness', 'greenscreen']",2023-06-26,"(array([0.26815212], dtype=float32), 'Diary of a Spelling Bee Fanatic')",0.268152117729187,Diary of a Spelling Bee Fanatic
116,7.18e+18,2022-12-29T11:04:10,6.0,US,,6723.0,35.0,105.0,254800.0,"Follow for mental health content‚ù£Ô∏è Howard Dully is the youngest documented recipient and survivor of the transorbital lobotomy, a procedure performed on him when he was only 12 years old. #fyp„Ç∑„Çöviral #fyp #lobotomy #psychologyfacts #psychologyhistory #mentalhealthmatters #therapytok #mentalhealthstigma #therapistreacts #mentalhealthcare #mentalillness #counselorsoftiktok ",False,,drambersamuels,Dr. Amber Samuels,,,,,,False,"fyp„Ç∑, fyp, lobotomy, psychologyfacts, psychologyhistory, mentalhealthmatters, therapytok, mentalhealthstigma, therapistreacts, mentalhealthcare, mentalillness, counselorsoftiktok","['fyp „Ç∑', 'fyp', 'lobotomy', 'psychology facts', 'psychology history', 'mental health matters', 'therapy tok', 'mental health stigma', 'therapist reacts', 'mental health care', 'mental illness', 'counselors of tiktok']",2022-12-29,"(array([0.20749955], dtype=float32), 'Death of Missing Princeton Student Ruled a Suicide')",0.20749954879283905,Death of Missing Princeton Student Ruled a Suicide
117,7.3e+18,2023-10-30T17:52:44,110.0,BR,,2653.0,24.0,29.0,140900.0,"Howard Dully, sobrevivente da Lobotomia! #historia #lobotomia #lobotomy #misterio #medicina ",False,,historianamao,Historia‚ÄÇna‚ÄÇM√£o‚ÄÇ-‚ÄÇProf.‚ÄÇIuri,,,,,,False,"historia, lobotomia, lobotomy, misterio, medicina","['his story', 'lobotomia', 'lobotomy', 'misterio', 'medicina']",2023-10-30,"(array([0.30123964], dtype=float32), 'A Tale of Two Recoveries')",0.30123963952064514,A Tale of Two Recoveries
118,7.25e+18,2023-06-16T00:31:04,19.0,CA,"what is a lobotomy explained, lobotomy core, lobotomy smile, Lobotomy Survivor, lobotomy real footage, lobotomy survivors now, Lobotomy Ringtone, Plants Vs Lobotomy, howard dully lobotomy footage, lobotomy chic - glueleg",119500.0,3969.0,552.0,2100000.0,True story #xyzbca #fyp #VikingRise #indigenous #labotomy ,False,,beadenkalsillie,Beaden,,,,,,False,"xyzbca, fyp, VikingRise, indigenous, labotomy","['xyz bca', 'fyp', 'Viking Rise', 'indigenous', 'labotomy']",2023-06-16,"(array([0.24438472], dtype=float32), 'Amazon‚Äôs Freevee Embraces the Judy-Verse')",0.24438472092151642,Amazon‚Äôs Freevee Embraces the Judy-Verse
119,7.3e+18,2023-11-10T12:28:11,60.0,US,"rosemary kennedy, lobotomy survivors now, rosemary kennedy before and after, lobotomy survivor, before and after lobotomy, lobotomy core, what is a lobotomy explained, Plants Vs Lobotomy, are lobotomys still done, why were lobotomies done",3700000.0,23500.0,23600.0,48000000.0,"For educational purposes. The last lobotomy in the US was performed in 1967 after more than 50,000 procedures. #lobotomybeforeandafter #viralvintage #lobotomy #lobotomycore ",False,,viralvintage,viral history,,,,,,False,"lobotomybeforeandafter, viralvintage, lobotomy, lobotomycore","['lobotomy before and after', 'viral vintage', 'lobotomy', 'lobotomy core']",2023-11-10,"(array([0.26460436], dtype=float32), 'Listen to a Wellness-Culture Satire That Delves a Few Levels Deeper')",0.2646043598651886,Listen to a Wellness-Culture Satire That Delves a Few Levels Deeper
120,7.32e+18,2023-12-31T19:23:53,0.0,US,,3306.0,26.0,77.0,120000.0,#lobotomy #fyp #unsettling #creepy #scary #slideshow #viral ,False,,vidzomega,Vidz Omega,,,,,,False,"lobotomy, fyp, unsettling, creepy, scary, slideshow, viral","['lobotomy', 'fyp', 'unsettling', 'creepy', 'scary', 'slideshow', 'viral']",2023-12-31,"(array([0.24249393], dtype=float32), 'The Year in Opinion Video')",0.24249392747879028,The Year in Opinion Video
121,7.26e+18,2023-07-25T19:19:14,5.0,AU,,646.0,20.0,22.0,28200.0,Peoole when they find out I‚Äôve had a 21st century lobotomy üò≥ ü§î‚ùì #ocd #brainsurgery #deepbrainstimulation #capcut #mentalhealth #mentalhealthawareness #brainimplant #dbs #brainscience #ocdawareness #mentalhealthmatters #fyp #foryoupage #mentalhealthjourney #mentalillness #ocdrecovery #recovery #mentalillnessawareness #experimentaltreatment #foryou #fyp„Ç∑ #ocdlife #mentalhealthtiktoks #mentalhealthtiktok #ocdtok #ocdtiktok #mentalhealthtok #mentalillnesstiktok #mentalillnesstok #mentalhealthrecovery #mentalillnessrecovery #ocdtreatment #exposuretherapy #ocdproblems #ocdcheck #obsessivecompulsivedisorder #ocdanxiety #ocdbelike #ocdgang #ocdhelp #ocdisnotajoke #ocdisreal #ocdissues #ocdjourney #ocdprobs #ocdrelief #ocdrituals #ocdsupport #ocdstruggles #ocdtherapy #ocdadvocate #exposureresponseprevention #exposuretherapyworks #erp #mentalhealthcommunity #ocdcommunity #recoverycommunity #mentalhealthfighter #mentalhealthtreatment #mentalhealthhealing #mentalhealthissues #mentalhealthisreal #mentalhealthisimportant #mentalhealthstruggles #mentalhealthsurvivor #mentalhealthwarrior ,False,,stimsandcats,Brianna üêà‚Äç‚¨õ üçâ,,,,,,False,"ocd, brainsurgery, deepbrainstimulation, capcut, mentalhealth, mentalhealthawareness, brainimplant, dbs, brainscience, ocdawareness, mentalhealthmatters, fyp, foryoupage, mentalhealthjourney, mentalillness, ocdrecovery, recovery, mentalillnessawareness, experimentaltreatment, foryou, fyp„Ç∑, ocdlife, mentalhealthtiktoks, mentalhealthtiktok, ocdtok, ocdtiktok, mentalhealthtok, mentalillnesstiktok, mentalillnesstok, mentalhealthrecovery, mentalillnessrecovery, ocdtreatment, exposuretherapy, ocdproblems, ocdcheck, obsessivecompulsivedisorder, ocdanxiety, ocdbelike, ocdgang, ocdhelp, ocdisnotajoke, ocdisreal, ocdissues, ocdjourney, ocdprobs, ocdrelief, ocdrituals, ocdsupport, ocdstruggles, ocdtherapy, ocdadvocate, exposureresponseprevention, exposuretherapyworks, erp, mentalhealthcommunity, ocdcommunity, recoverycommunity, mentalhealthfighter, mentalhealthtreatment, mentalhealthhealing, mentalhealthissues, mentalhealthisreal, mentalhealthisimportant, mentalhealthstruggles, mentalhealthsurvivor, mentalhealthwarrior","['brain surgery', 'deep brain stimulation', 'cap cut', 'mental health', 'mental health awareness', 'brain implant', 'dbs', 'brain science', 'ocd awareness', 'mental health matters', 'fyp', 'for you page', 'mental health journey', 'mental illness', 'ocd recovery', 'recovery', 'mental illness awareness', 'experimental treatment', 'for you', 'fyp „Ç∑', 'ocd life', 'mental health tiktoks', 'mental health tiktok', 'ocd tok', 'ocd tiktok', 'mental health tok', 'mental illness tiktok', 'mental illness tok', 'mental health recovery', 'mental illness recovery', 'ocd treatment', 'exposure therapy', 'ocd problems', 'ocd check', 'obsessive compulsive disorder', 'ocd anxiety', 'ocd be like', 'ocd gang', 'ocd help', 'ocd is not a joke', 'ocd is real', 'ocd issues', 'ocd journey', 'ocd probs', 'ocd relief', 'ocd rituals', 'ocd support', 'ocd struggles', 'ocd therapy', 'ocd advocate', 'exposure response prevention', 'exposure therapy works', 'erp', 'mental health community', 'ocd community', 'recovery community', 'mental health fighter', 'mental health treatment', 'mental health healing', 'mental health issues', 'mental health is real', 'mental health is important', 'mental health struggles', 'mental health survivor']",2023-07-25,"(array([0.16537726], dtype=float32), 'Man Sentenced to 30 Months in Death of ‚ÄòThe Wire‚Äô Actor')",0.16537725925445557,Man Sentenced to 30 Months in Death of ‚ÄòThe Wire‚Äô Actor
122,7.23e+18,2023-05-05T08:53:11,8.0,US,,326200.0,50500.0,5037.0,4300000.0,turn me off and on again pls #doctors #scientists #medical #shitpost #meme #butiamserious #resetme,False,,lightbulbjones,lightbulb jones,,,,,,False,"doctors, scientists, medical, shitpost, meme, butiamserious, resetme","['doctors', 'scientists', 'medical', 'shit post', 'meme', 'but i am serious', 'reset me']",2023-05-05,"(array([0.38462842], dtype=float32), 'Doctors Have Long Warned That Chokeholds Are Deadly')",0.38462841510772705,Doctors Have Long Warned That Chokeholds Are Deadly
123,7.23e+18,2023-05-13T15:04:35,16.0,CA,"Tattoo Tour, spine tattoo, Tattoo Sketches, yellow tattoo, Fine Line Tattoo, Colored Tattoos, Tattoo Inspiration, Sword Spine Tattoo, tattoos with meanings, Basic Tattoos",196600.0,7327.0,0.0,3400000.0,Replying to @Bridgette my lobotomy tools! I‚Äôm studying psychology and its an ode to how far psychiatry has come (and im mentally unwell so its funny) #tattoo #lobotomy #lobotomycore ,False,,whoaanellyy,Whoaanellyy,,,,,,False,"tattoo, lobotomy, lobotomycore",['lobotomy'],2023-05-13,"(array([0.24580167], dtype=float32), 'Alternate Endings')",0.2458016723394394,Alternate Endings
124,7.29e+18,2023-10-12T11:09:09,20.0,GB,"lobotomy survivor, medical tiktok, lobotomy core, Mental Health Awareness, Psychiatric Mental Health Nurses, What Is Lobotomy Core, Plants Vs Lobotomy, influencer lobotomy late night snack, mental health support worker, howard dully lobotomy footage",2417.0,28.0,11.0,332900.0,Taking a look at pictures of lobotomy patients. Mayb of these were used to show the ‚Äòsucess‚Äô of the procedure and promote it as a form of mental health treatment. It was hugely popular in the 1940s and 1950s. #medicine #mentalhealth #lobotomy #treatment ,False,,emilyiniekio,Emilyiniekio,,,,,,False,"medicine, mentalhealth, lobotomy, treatment","['medicine', 'mental health', 'lobotomy', 'treatment']",2023-10-12,"(array([0.38324127], dtype=float32), 'Hospitals That Fail to Reopen Psychiatric Wards Risk Fines, Hochul Says')",0.3832412660121918,"Hospitals That Fail to Reopen Psychiatric Wards Risk Fines, Hochul Says"
125,7.31e+18,2023-11-26T14:29:20,154.0,US,,5088.0,59.0,116.0,171800.0,Its so sad to think about the medical treatments that were used back in the day.  - #greenscreen #LoreBeyondTheGrave #podcast #unsolved #truecrimetiktok #forgoupage #fyp #paranormaltiktok #scarystories #lobotomy ,False,,lorebeyondthegrave,Lore Beyond The Grave,,,,,,False,"greenscreen, LoreBeyondTheGrave, podcast, unsolved, truecrimetiktok, forgoupage, fyp, paranormaltiktok, scarystories, lobotomy","['green screen', 'lore beyond the grave', 'podcast', 'unsolved', 'true crime tiktok', 'for goupage', 'fyp', 'paranormal tiktok', 'scary stories', 'lobotomy']",2023-11-26,"(array([0.30078384], dtype=float32), '‚ÄòI Carried Him, Screaming, Through the Night Streets of the Village‚Äô')",0.30078384280204773,"‚ÄòI Carried Him, Screaming, Through the Night Streets of the Village‚Äô"
126,7.29e+18,2023-10-18T19:21:51,6.0,US,"lobotomy core, Surgeon, what does lobotomy actually do to you, plants vs lobotomy, Guy Laughing In Bathroom Animation Lobotomy, lobotomy chic - glueleg, Surgery Recovery, Lobotomy Ringtone, howard dully lobotomy footage, Lobotomy Survivor",10200.0,65.0,354.0,1200000.0,#lobotomy #surgerytiktok #euthanasia ,False,,chumbawambamynumberoneba,lexü™êüåà,,,,,,False,"lobotomy, surgerytiktok, euthanasia",[],2023-10-18,"(array([1.], dtype=float32), 'Tote Bags for Those Who Want to Have It All')",1.0,Tote Bags for Those Who Want to Have It All
127,7.26e+18,2023-07-22T08:25:42,10.0,GB,,351.0,0.0,3.0,19600.0,mrclutchwill.. #fyp #lobotomy #mrclutchwill #cute ,False,,childchomper4,cope with it üò¨,,,,,,False,"fyp, lobotomy, mrclutchwill, cute","['fyp', 'lobotomy', 'mr clutch will', 'cute']",2023-07-22,"(array([0.24095476], dtype=float32), 'Extreme Challenges')",0.24095475673675537,Extreme Challenges
129,7.27e+18,2023-08-24T09:13:57,51.0,US,,367.0,7.0,10.0,39500.0,Howard Dully and his lobotomy #psych #podcast #psychology #lobotomy #howarddully #greenscreen ,False,,mentallymorbidpod,Mentally‚ÄÇMorbid‚ÄÇPodcast,,,,,,False,"psych, podcast, psychology, lobotomy, howarddully, greenscreen","['psych', 'podcast', 'psychology', 'lobotomy', 'howard dully', 'green screen']",2023-08-24,"(array([0.2706712], dtype=float32), 'Trump, During Tucker Carlson Interview, Belittles Republican Rivals')",0.27067118883132935,"Trump, During Tucker Carlson Interview, Belittles Republican Rivals"
131,7.27e+18,2023-08-17T13:44:24,6.0,IT,"howard dully, howard dully 2023, howard dully lobotomy interview, howard dully lobotomy footage, howard dully interview, lobotomy meaning, Lobotomy Survivor, lobotomy core, history, howard dully lobotomy now",1400000.0,5361.0,5869.0,11300000.0,The person im talking about here is named howard dully. He also has a memoir about his experience. Just goes to show how important youth mental health and critcizing our mental health system still is today. We can do better.  #historytiktok #horriblehistory #historicalfacts #lobotomy #womenshistory #lobotomymeme #historical_stories #scaryhistoryevents #scaryhistoryfacts #scaryhistory_ #scaryhistory #historytiktokers #ancienthistory #historymajor #historical ,False,,theacademicbimbo,Gabe,,,,,,False,"historytiktok, horriblehistory, historicalfacts, lobotomy, womenshistory, lobotomymeme, historical_stories, scaryhistoryevents, scaryhistoryfacts, scaryhistory_, scaryhistory, historytiktokers, ancienthistory, historymajor, historical","['horrible history', 'historical facts', 'lobotomy', ""women's history"", 'lobotomy meme', 'historical stories', 'scary history events', 'scary history facts', 'scary history', 'history tiktokers', 'ancient history', 'history major']",2023-08-17,"(array([0.30535406], dtype=float32), '‚ÄòBirth/Rebirth‚Äô Review: Staying (Not Quite) Alive')",0.3053540587425232,‚ÄòBirth/Rebirth‚Äô Review: Staying (Not Quite) Alive
132,7.22e+18,2023-03-30T08:08:48,14.0,GB,,523.0,10.0,72.0,30000.0,Day one of being a girl & today my brain hurts ü§í‚ù§Ô∏è‚Äçü©π #fyp #fyp„Ç∑ #transgender #transitions #surgery #brainsurgery  ##lobotomy##transgirl##transgirlsoftiktok##fypage##foryou##hot,False,,francescaxmartin,francescaxmartin,,,,,,False,"fyp, fyp„Ç∑, transgender, transitions, surgery, brainsurgery, lobotomy, transgirl, transgirlsoftiktok, fypage, foryou, hot","['fyp', 'fyp „Ç∑', 'transgender', 'transitions', 'surgery', 'brain surgery', 'lobotomy', 'trans girl', 'trans girl sof tiktok', 'fypage', 'for you', 'hot']",2023-03-30,"(array([0.4703679], dtype=float32), 'Nebraska‚Äôs Fight Over Transgender Care Turns Personal and Snarls Lawmaking')",0.4703679084777832,Nebraska‚Äôs Fight Over Transgender Care Turns Personal and Snarls Lawmaking
133,7.05e+18,2022-01-03T18:47:31,7.0,US,,3345.0,6.0,90.0,278400.0,#brainsurgerysurvivor #blessed #lobectomy #mayoclinicstrong #strong,False,,shirlnewt,Shirl e newt,,,,,,False,"brainsurgerysurvivor, blessed, lobectomy, mayoclinicstrong, strong","['brain surgery survivor', 'blessed', 'lobectomy', 'mayo clinic strong', 'strong']",2022-01-03,"(array([0.2734316], dtype=float32), 'Victim of Berkeley Balcony Collapse Dies in Ireland')",0.27343159914016724,Victim of Berkeley Balcony Collapse Dies in Ireland
134,7.31e+18,2023-12-13T11:02:40,61.0,US,"before and after lobotomy, lobotomy core, Doctor Reacts, doctor, history, Medical TikTok, health, tiktok doctor, ice pick, Doctor Of Medicine",16500.0,112.0,281.0,688400.0,History of medicine is insane? #duet with  @viral history #medicine #lobotomy #medicalhistory #doctor #mentalhealth #interesting ,False,,doctormyro,"Dr. Myro Figura, MD",,,,,,False,"duet, medicine, lobotomy, medicalhistory, doctor, mentalhealth, interesting","['duet', 'medicine', 'lobotomy', 'medical history', 'doctor', 'mental health', 'interesting']",2023-12-13,"(array([0.3519282], dtype=float32), 'Doctors on the Use of Medical Cannabis')",0.3519282042980194,Doctors on the Use of Medical Cannabis
